{
    "author": "Soultaco83(Modified from Josh.5,yajrendrag)",
    "compatibility": [
        1,
        2
    ],
    "description": "Removes subtitles if it has signs or songs in title tag. I use this for Subbed anime",
    "icon": "https://raw.githubusercontent.com/soultaco83/unmanic-plugins/master/source/remove_songs_signs_soultaco83/icon.png",
    "id": "remove_songs_signs_soultaco83",
    "name": "remove signs or songs subtitles",
    "platform": [
        "all"
    ],
    "priorities": {
        "on_library_management_file_test": 50,
        "on_worker_process": 1
    },
    "tags": "subtitle,data,ffmpeg,library file test",
    "version": "0.0.1"
}
