{
    "author": "Soultaco83(Modified from Josh.5,yajrendrag)",
    "compatibility": [
        1,
        2
    ],
    "description": "Removes Audio if it has Commentary in title tag",
    "icon": "https://raw.githubusercontent.com/soultaco83/unmanic-plugins/master/source/remove_commentary_soultaco83/icon.png",
    "id": "remove_commentary_soultaco83",
    "name": "remove commentary",
    "platform": [
        "all"
    ],
    "priorities": {
        "on_library_management_file_test": 50,
        "on_worker_process": 1
    },
    "tags": "subtitle,data,ffmpeg,library file test",
    "version": "0.0.1"
}
